{
  "complexity": 22453612089,
  "crtDecompositionsOfOutputs": [
    []
  ],
  "globalPError": 9.7668964393588734e-06,
  "memoryUsagePerLoc": {
    "loc(\"@Stage_0_pass_0 | /home/nthsmn/Documents/Cours/TelecomParis/3A/SR2I309/projet/circuit/topk_sorting_OTLU.py\":44:0)": 622896,
    "loc(\"@Stage_0_pass_0.diff | /home/nthsmn/Documents/Cours/TelecomParis/3A/SR2I309/projet/circuit/topk_sorting_OTLU.py\":106:0)": 770424,
    "loc(\"@Stage_0_pass_0.max_value | /home/nthsmn/Documents/Cours/TelecomParis/3A/SR2I309/projet/circuit/topk_sorting_OTLU.py\":109:0)": 662392,
    "loc(\"@Stage_0_pass_0.swap_max_value | /home/nthsmn/Documents/Cours/TelecomParis/3A/SR2I309/projet/circuit/topk_sorting_OTLU.py\":114:0)": 786816,
    "loc(\"@Stage_0_pass_0.swap_max_value | /home/nthsmn/Documents/Cours/TelecomParis/3A/SR2I309/projet/circuit/topk_sorting_OTLU.py\":61:0)": 917952,
    "loc(\"@Stage_0_pass_1 | /home/nthsmn/Documents/Cours/TelecomParis/3A/SR2I309/projet/circuit/topk_sorting_OTLU.py\":44:0)": 590112,
    "loc(\"@Stage_0_pass_1.diff | /home/nthsmn/Documents/Cours/TelecomParis/3A/SR2I309/projet/circuit/topk_sorting_OTLU.py\":106:0)": 688464,
    "loc(\"@Stage_0_pass_1.max_value | /home/nthsmn/Documents/Cours/TelecomParis/3A/SR2I309/projet/circuit/topk_sorting_OTLU.py\":109:0)": 596824,
    "loc(\"@Stage_0_pass_1.swap_max_value | /home/nthsmn/Documents/Cours/TelecomParis/3A/SR2I309/projet/circuit/topk_sorting_OTLU.py\":114:0)": 704856,
    "loc(\"@Stage_0_pass_1.swap_max_value | /home/nthsmn/Documents/Cours/TelecomParis/3A/SR2I309/projet/circuit/topk_sorting_OTLU.py\":61:0)": 852384,
    "loc(\"@Stage_0_pass_2 | /home/nthsmn/Documents/Cours/TelecomParis/3A/SR2I309/projet/circuit/topk_sorting_OTLU.py\":44:0)": 524544,
    "loc(\"@Stage_0_pass_2.diff | /home/nthsmn/Documents/Cours/TelecomParis/3A/SR2I309/projet/circuit/topk_sorting_OTLU.py\":106:0)": 524544,
    "loc(\"@Stage_0_pass_2.max_value | /home/nthsmn/Documents/Cours/TelecomParis/3A/SR2I309/projet/circuit/topk_sorting_OTLU.py\":109:0)": 465688,
    "loc(\"@Stage_0_pass_2.swap_max_value | /home/nthsmn/Documents/Cours/TelecomParis/3A/SR2I309/projet/circuit/topk_sorting_OTLU.py\":114:0)": 540936,
    "loc(\"@Stage_0_pass_2.swap_max_value | /home/nthsmn/Documents/Cours/TelecomParis/3A/SR2I309/projet/circuit/topk_sorting_OTLU.py\":61:0)": 721248,
    "loc(\"@Stage_0_pass_3 | /home/nthsmn/Documents/Cours/TelecomParis/3A/SR2I309/projet/circuit/topk_sorting_OTLU.py\":44:0)": 393408,
    "loc(\"@Stage_0_pass_3.diff | /home/nthsmn/Documents/Cours/TelecomParis/3A/SR2I309/projet/circuit/topk_sorting_OTLU.py\":106:0)": 131136,
    "loc(\"@Stage_0_pass_3.max_value | /home/nthsmn/Documents/Cours/TelecomParis/3A/SR2I309/projet/circuit/topk_sorting_OTLU.py\":109:0)": 187024,
    "loc(\"@Stage_0_pass_3.swap_max_value | /home/nthsmn/Documents/Cours/TelecomParis/3A/SR2I309/projet/circuit/topk_sorting_OTLU.py\":114:0)": 213096,
    "loc(\"@Stage_0_pass_3.swap_max_value | /home/nthsmn/Documents/Cours/TelecomParis/3A/SR2I309/projet/circuit/topk_sorting_OTLU.py\":61:0)": 458976,
    "loc(\"@Stage_0_pass_4 | /home/nthsmn/Documents/Cours/TelecomParis/3A/SR2I309/projet/circuit/topk_sorting_OTLU.py\":44:0)": 655680,
    "loc(\"@Stage_0_pass_4.diff | /home/nthsmn/Documents/Cours/TelecomParis/3A/SR2I309/projet/circuit/topk_sorting_OTLU.py\":106:0)": 852384,
    "loc(\"@Stage_0_pass_4.max_value | /home/nthsmn/Documents/Cours/TelecomParis/3A/SR2I309/projet/circuit/topk_sorting_OTLU.py\":109:0)": 727960,
    "loc(\"@Stage_0_pass_4.swap_max_value | /home/nthsmn/Documents/Cours/TelecomParis/3A/SR2I309/projet/circuit/topk_sorting_OTLU.py\":114:0)": 868776,
    "loc(\"@Stage_0_pass_4.swap_max_value | /home/nthsmn/Documents/Cours/TelecomParis/3A/SR2I309/projet/circuit/topk_sorting_OTLU.py\":61:0)": 983520,
    "loc(\"@Stage_1_pass_1 | /home/nthsmn/Documents/Cours/TelecomParis/3A/SR2I309/projet/circuit/topk_sorting_OTLU.py\":44:0)": 590112,
    "loc(\"@Stage_1_pass_1.diff | /home/nthsmn/Documents/Cours/TelecomParis/3A/SR2I309/projet/circuit/topk_sorting_OTLU.py\":106:0)": 688464,
    "loc(\"@Stage_1_pass_1.max_value | /home/nthsmn/Documents/Cours/TelecomParis/3A/SR2I309/projet/circuit/topk_sorting_OTLU.py\":109:0)": 596824,
    "loc(\"@Stage_1_pass_1.swap_max_value | /home/nthsmn/Documents/Cours/TelecomParis/3A/SR2I309/projet/circuit/topk_sorting_OTLU.py\":114:0)": 704856,
    "loc(\"@Stage_1_pass_1.swap_max_value | /home/nthsmn/Documents/Cours/TelecomParis/3A/SR2I309/projet/circuit/topk_sorting_OTLU.py\":61:0)": 852384,
    "loc(\"@Stage_1_pass_2 | /home/nthsmn/Documents/Cours/TelecomParis/3A/SR2I309/projet/circuit/topk_sorting_OTLU.py\":44:0)": 524544,
    "loc(\"@Stage_1_pass_2.diff | /home/nthsmn/Documents/Cours/TelecomParis/3A/SR2I309/projet/circuit/topk_sorting_OTLU.py\":106:0)": 524544,
    "loc(\"@Stage_1_pass_2.max_value | /home/nthsmn/Documents/Cours/TelecomParis/3A/SR2I309/projet/circuit/topk_sorting_OTLU.py\":109:0)": 465688,
    "loc(\"@Stage_1_pass_2.swap_max_value | /home/nthsmn/Documents/Cours/TelecomParis/3A/SR2I309/projet/circuit/topk_sorting_OTLU.py\":114:0)": 540936,
    "loc(\"@Stage_1_pass_2.swap_max_value | /home/nthsmn/Documents/Cours/TelecomParis/3A/SR2I309/projet/circuit/topk_sorting_OTLU.py\":61:0)": 721248,
    "loc(\"@Stage_1_pass_3 | /home/nthsmn/Documents/Cours/TelecomParis/3A/SR2I309/projet/circuit/topk_sorting_OTLU.py\":44:0)": 393408,
    "loc(\"@Stage_1_pass_3.diff | /home/nthsmn/Documents/Cours/TelecomParis/3A/SR2I309/projet/circuit/topk_sorting_OTLU.py\":106:0)": 131136,
    "loc(\"@Stage_1_pass_3.max_value | /home/nthsmn/Documents/Cours/TelecomParis/3A/SR2I309/projet/circuit/topk_sorting_OTLU.py\":109:0)": 187024,
    "loc(\"@Stage_1_pass_3.swap_max_value | /home/nthsmn/Documents/Cours/TelecomParis/3A/SR2I309/projet/circuit/topk_sorting_OTLU.py\":114:0)": 213096,
    "loc(\"@Stage_1_pass_3.swap_max_value | /home/nthsmn/Documents/Cours/TelecomParis/3A/SR2I309/projet/circuit/topk_sorting_OTLU.py\":61:0)": 458976,
    "loc(\"@Stage_1_pass_4 | /home/nthsmn/Documents/Cours/TelecomParis/3A/SR2I309/projet/circuit/topk_sorting_OTLU.py\":44:0)": 655680,
    "loc(\"@Stage_1_pass_4.diff | /home/nthsmn/Documents/Cours/TelecomParis/3A/SR2I309/projet/circuit/topk_sorting_OTLU.py\":106:0)": 852384,
    "loc(\"@Stage_1_pass_4.max_value | /home/nthsmn/Documents/Cours/TelecomParis/3A/SR2I309/projet/circuit/topk_sorting_OTLU.py\":109:0)": 727960,
    "loc(\"@Stage_1_pass_4.swap_max_value | /home/nthsmn/Documents/Cours/TelecomParis/3A/SR2I309/projet/circuit/topk_sorting_OTLU.py\":114:0)": 868776,
    "loc(\"@Stage_1_pass_4.swap_max_value | /home/nthsmn/Documents/Cours/TelecomParis/3A/SR2I309/projet/circuit/topk_sorting_OTLU.py\":61:0)": 983520,
    "loc(\"@Stage_2_pass_2 | /home/nthsmn/Documents/Cours/TelecomParis/3A/SR2I309/projet/circuit/topk_sorting_OTLU.py\":44:0)": 590112,
    "loc(\"@Stage_2_pass_2.diff | /home/nthsmn/Documents/Cours/TelecomParis/3A/SR2I309/projet/circuit/topk_sorting_OTLU.py\":106:0)": 688464,
    "loc(\"@Stage_2_pass_2.max_value | /home/nthsmn/Documents/Cours/TelecomParis/3A/SR2I309/projet/circuit/topk_sorting_OTLU.py\":109:0)": 596824,
    "loc(\"@Stage_2_pass_2.swap_max_value | /home/nthsmn/Documents/Cours/TelecomParis/3A/SR2I309/projet/circuit/topk_sorting_OTLU.py\":114:0)": 704856,
    "loc(\"@Stage_2_pass_2.swap_max_value | /home/nthsmn/Documents/Cours/TelecomParis/3A/SR2I309/projet/circuit/topk_sorting_OTLU.py\":61:0)": 852384,
    "loc(\"@Stage_2_pass_3 | /home/nthsmn/Documents/Cours/TelecomParis/3A/SR2I309/projet/circuit/topk_sorting_OTLU.py\":44:0)": 458976,
    "loc(\"@Stage_2_pass_3.diff | /home/nthsmn/Documents/Cours/TelecomParis/3A/SR2I309/projet/circuit/topk_sorting_OTLU.py\":106:0)": 360624,
    "loc(\"@Stage_2_pass_3.max_value | /home/nthsmn/Documents/Cours/TelecomParis/3A/SR2I309/projet/circuit/topk_sorting_OTLU.py\":109:0)": 334552,
    "loc(\"@Stage_2_pass_3.swap_max_value | /home/nthsmn/Documents/Cours/TelecomParis/3A/SR2I309/projet/circuit/topk_sorting_OTLU.py\":114:0)": 377016,
    "loc(\"@Stage_2_pass_3.swap_max_value | /home/nthsmn/Documents/Cours/TelecomParis/3A/SR2I309/projet/circuit/topk_sorting_OTLU.py\":61:0)": 590112,
    "loc(\"@Stage_2_pass_4 | /home/nthsmn/Documents/Cours/TelecomParis/3A/SR2I309/projet/circuit/topk_sorting_OTLU.py\":44:0)": 590112,
    "loc(\"@Stage_2_pass_4.diff | /home/nthsmn/Documents/Cours/TelecomParis/3A/SR2I309/projet/circuit/topk_sorting_OTLU.py\":106:0)": 688464,
    "loc(\"@Stage_2_pass_4.max_value | /home/nthsmn/Documents/Cours/TelecomParis/3A/SR2I309/projet/circuit/topk_sorting_OTLU.py\":109:0)": 596824,
    "loc(\"@Stage_2_pass_4.swap_max_value | /home/nthsmn/Documents/Cours/TelecomParis/3A/SR2I309/projet/circuit/topk_sorting_OTLU.py\":114:0)": 704856,
    "loc(\"@Stage_2_pass_4.swap_max_value | /home/nthsmn/Documents/Cours/TelecomParis/3A/SR2I309/projet/circuit/topk_sorting_OTLU.py\":61:0)": 852384,
    "loc(\"@Stage_3_pass_3 | /home/nthsmn/Documents/Cours/TelecomParis/3A/SR2I309/projet/circuit/topk_sorting_OTLU.py\":44:0)": 458976,
    "loc(\"@Stage_3_pass_3.diff | /home/nthsmn/Documents/Cours/TelecomParis/3A/SR2I309/projet/circuit/topk_sorting_OTLU.py\":106:0)": 360624,
    "loc(\"@Stage_3_pass_3.max_value | /home/nthsmn/Documents/Cours/TelecomParis/3A/SR2I309/projet/circuit/topk_sorting_OTLU.py\":109:0)": 334552,
    "loc(\"@Stage_3_pass_3.swap_max_value | /home/nthsmn/Documents/Cours/TelecomParis/3A/SR2I309/projet/circuit/topk_sorting_OTLU.py\":114:0)": 377016,
    "loc(\"@Stage_3_pass_3.swap_max_value | /home/nthsmn/Documents/Cours/TelecomParis/3A/SR2I309/projet/circuit/topk_sorting_OTLU.py\":61:0)": 590112,
    "loc(\"@Stage_3_pass_4 | /home/nthsmn/Documents/Cours/TelecomParis/3A/SR2I309/projet/circuit/topk_sorting_OTLU.py\":43:0)": 327840,
    "loc(\"@Stage_3_pass_4 | /home/nthsmn/Documents/Cours/TelecomParis/3A/SR2I309/projet/circuit/topk_sorting_OTLU.py\":44:0)": 590112,
    "loc(\"@Stage_3_pass_4.diff | /home/nthsmn/Documents/Cours/TelecomParis/3A/SR2I309/projet/circuit/topk_sorting_OTLU.py\":106:0)": 688464,
    "loc(\"@Stage_3_pass_4.max_value | /home/nthsmn/Documents/Cours/TelecomParis/3A/SR2I309/projet/circuit/topk_sorting_OTLU.py\":109:0)": 596824,
    "loc(\"@Stage_3_pass_4.swap_max_value | /home/nthsmn/Documents/Cours/TelecomParis/3A/SR2I309/projet/circuit/topk_sorting_OTLU.py\":114:0)": 704856,
    "loc(\"@Stage_3_pass_4.swap_max_value | /home/nthsmn/Documents/Cours/TelecomParis/3A/SR2I309/projet/circuit/topk_sorting_OTLU.py\":61:0)": 852384,
    "loc(\"@Stage_4_pass_4 | /home/nthsmn/Documents/Cours/TelecomParis/3A/SR2I309/projet/circuit/topk_sorting_OTLU.py\":43:0)": 327840,
    "loc(\"@Stage_4_pass_4 | /home/nthsmn/Documents/Cours/TelecomParis/3A/SR2I309/projet/circuit/topk_sorting_OTLU.py\":44:0)": 458976,
    "loc(\"@Stage_4_pass_4.diff | /home/nthsmn/Documents/Cours/TelecomParis/3A/SR2I309/projet/circuit/topk_sorting_OTLU.py\":106:0)": 360624,
    "loc(\"@Stage_4_pass_4.max_value | /home/nthsmn/Documents/Cours/TelecomParis/3A/SR2I309/projet/circuit/topk_sorting_OTLU.py\":109:0)": 334552,
    "loc(\"@Stage_4_pass_4.swap_max_value | /home/nthsmn/Documents/Cours/TelecomParis/3A/SR2I309/projet/circuit/topk_sorting_OTLU.py\":114:0)": 377016,
    "loc(\"@Stage_4_pass_4.swap_max_value | /home/nthsmn/Documents/Cours/TelecomParis/3A/SR2I309/projet/circuit/topk_sorting_OTLU.py\":61:0)": 590112,
    "loc(unknown)": 327840
  },
  "pError": 1.0631392213643339e-07,
  "statistics": [
    {
      "count": 4,
      "keys": [
        [
          "SECRET",
          0
        ]
      ],
      "location": "loc(\"@Stage_4_pass_4.diff | /home/nthsmn/Documents/Cours/TelecomParis/3A/SR2I309/projet/circuit/topk_sorting_OTLU.py\":106:0)",
      "operation": "ENCRYPTED_NEGATION"
    },
    {
      "count": 4,
      "keys": [
        [
          "SECRET",
          0
        ]
      ],
      "location": "loc(\"@Stage_4_pass_4.diff | /home/nthsmn/Documents/Cours/TelecomParis/3A/SR2I309/projet/circuit/topk_sorting_OTLU.py\":106:0)",
      "operation": "ENCRYPTED_ADDITION"
    },
    {
      "count": 4,
      "keys": [
        [
          "SECRET",
          0
        ]
      ],
      "location": "loc(\"@Stage_4_pass_4.max_value | /home/nthsmn/Documents/Cours/TelecomParis/3A/SR2I309/projet/circuit/topk_sorting_OTLU.py\":109:0)",
      "operation": "CLEAR_ADDITION"
    },
    {
      "count": 4,
      "keys": [
        [
          "KEY_SWITCH",
          0
        ]
      ],
      "location": "loc(\"@Stage_4_pass_4.max_value | /home/nthsmn/Documents/Cours/TelecomParis/3A/SR2I309/projet/circuit/topk_sorting_OTLU.py\":109:0)",
      "operation": "KEY_SWITCH"
    },
    {
      "count": 4,
      "keys": [
        [
          "BOOTSTRAP",
          0
        ]
      ],
      "location": "loc(\"@Stage_4_pass_4.max_value | /home/nthsmn/Documents/Cours/TelecomParis/3A/SR2I309/projet/circuit/topk_sorting_OTLU.py\":109:0)",
      "operation": "PBS"
    },
    {
      "count": 4,
      "keys": [
        [
          "SECRET",
          0
        ]
      ],
      "location": "loc(\"@Stage_4_pass_4.max_value | /home/nthsmn/Documents/Cours/TelecomParis/3A/SR2I309/projet/circuit/topk_sorting_OTLU.py\":109:0)",
      "operation": "ENCRYPTED_ADDITION"
    },
    {
      "count": 4,
      "keys": [
        [
          "SECRET",
          0
        ]
      ],
      "location": "loc(\"@Stage_4_pass_4.swap_max_value | /home/nthsmn/Documents/Cours/TelecomParis/3A/SR2I309/projet/circuit/topk_sorting_OTLU.py\":114:0)",
      "operation": "ENCRYPTED_ADDITION"
    },
    {
      "count": 4,
      "keys": [
        [
          "SECRET",
          0
        ]
      ],
      "location": "loc(\"@Stage_4_pass_4.swap_max_value | /home/nthsmn/Documents/Cours/TelecomParis/3A/SR2I309/projet/circuit/topk_sorting_OTLU.py\":114:0)",
      "operation": "ENCRYPTED_NEGATION"
    },
    {
      "count": 4,
      "keys": [
        [
          "SECRET",
          0
        ]
      ],
      "location": "loc(\"@Stage_4_pass_4.swap_max_value | /home/nthsmn/Documents/Cours/TelecomParis/3A/SR2I309/projet/circuit/topk_sorting_OTLU.py\":114:0)",
      "operation": "ENCRYPTED_ADDITION"
    },
    {
      "count": 8,
      "keys": [
        [
          "SECRET",
          0
        ]
      ],
      "location": "loc(\"@Stage_3_pass_4.diff | /home/nthsmn/Documents/Cours/TelecomParis/3A/SR2I309/projet/circuit/topk_sorting_OTLU.py\":106:0)",
      "operation": "ENCRYPTED_NEGATION"
    },
    {
      "count": 8,
      "keys": [
        [
          "SECRET",
          0
        ]
      ],
      "location": "loc(\"@Stage_3_pass_4.diff | /home/nthsmn/Documents/Cours/TelecomParis/3A/SR2I309/projet/circuit/topk_sorting_OTLU.py\":106:0)",
      "operation": "ENCRYPTED_ADDITION"
    },
    {
      "count": 8,
      "keys": [
        [
          "SECRET",
          0
        ]
      ],
      "location": "loc(\"@Stage_3_pass_4.max_value | /home/nthsmn/Documents/Cours/TelecomParis/3A/SR2I309/projet/circuit/topk_sorting_OTLU.py\":109:0)",
      "operation": "CLEAR_ADDITION"
    },
    {
      "count": 8,
      "keys": [
        [
          "KEY_SWITCH",
          0
        ]
      ],
      "location": "loc(\"@Stage_3_pass_4.max_value | /home/nthsmn/Documents/Cours/TelecomParis/3A/SR2I309/projet/circuit/topk_sorting_OTLU.py\":109:0)",
      "operation": "KEY_SWITCH"
    },
    {
      "count": 8,
      "keys": [
        [
          "BOOTSTRAP",
          0
        ]
      ],
      "location": "loc(\"@Stage_3_pass_4.max_value | /home/nthsmn/Documents/Cours/TelecomParis/3A/SR2I309/projet/circuit/topk_sorting_OTLU.py\":109:0)",
      "operation": "PBS"
    },
    {
      "count": 8,
      "keys": [
        [
          "SECRET",
          0
        ]
      ],
      "location": "loc(\"@Stage_3_pass_4.max_value | /home/nthsmn/Documents/Cours/TelecomParis/3A/SR2I309/projet/circuit/topk_sorting_OTLU.py\":109:0)",
      "operation": "ENCRYPTED_ADDITION"
    },
    {
      "count": 8,
      "keys": [
        [
          "SECRET",
          0
        ]
      ],
      "location": "loc(\"@Stage_3_pass_4.swap_max_value | /home/nthsmn/Documents/Cours/TelecomParis/3A/SR2I309/projet/circuit/topk_sorting_OTLU.py\":114:0)",
      "operation": "ENCRYPTED_ADDITION"
    },
    {
      "count": 8,
      "keys": [
        [
          "SECRET",
          0
        ]
      ],
      "location": "loc(\"@Stage_3_pass_4.swap_max_value | /home/nthsmn/Documents/Cours/TelecomParis/3A/SR2I309/projet/circuit/topk_sorting_OTLU.py\":114:0)",
      "operation": "ENCRYPTED_NEGATION"
    },
    {
      "count": 8,
      "keys": [
        [
          "SECRET",
          0
        ]
      ],
      "location": "loc(\"@Stage_3_pass_4.swap_max_value | /home/nthsmn/Documents/Cours/TelecomParis/3A/SR2I309/projet/circuit/topk_sorting_OTLU.py\":114:0)",
      "operation": "ENCRYPTED_ADDITION"
    },
    {
      "count": 4,
      "keys": [
        [
          "SECRET",
          0
        ]
      ],
      "location": "loc(\"@Stage_3_pass_3.diff | /home/nthsmn/Documents/Cours/TelecomParis/3A/SR2I309/projet/circuit/topk_sorting_OTLU.py\":106:0)",
      "operation": "ENCRYPTED_NEGATION"
    },
    {
      "count": 4,
      "keys": [
        [
          "SECRET",
          0
        ]
      ],
      "location": "loc(\"@Stage_3_pass_3.diff | /home/nthsmn/Documents/Cours/TelecomParis/3A/SR2I309/projet/circuit/topk_sorting_OTLU.py\":106:0)",
      "operation": "ENCRYPTED_ADDITION"
    },
    {
      "count": 4,
      "keys": [
        [
          "SECRET",
          0
        ]
      ],
      "location": "loc(\"@Stage_3_pass_3.max_value | /home/nthsmn/Documents/Cours/TelecomParis/3A/SR2I309/projet/circuit/topk_sorting_OTLU.py\":109:0)",
      "operation": "CLEAR_ADDITION"
    },
    {
      "count": 4,
      "keys": [
        [
          "KEY_SWITCH",
          0
        ]
      ],
      "location": "loc(\"@Stage_3_pass_3.max_value | /home/nthsmn/Documents/Cours/TelecomParis/3A/SR2I309/projet/circuit/topk_sorting_OTLU.py\":109:0)",
      "operation": "KEY_SWITCH"
    },
    {
      "count": 4,
      "keys": [
        [
          "BOOTSTRAP",
          0
        ]
      ],
      "location": "loc(\"@Stage_3_pass_3.max_value | /home/nthsmn/Documents/Cours/TelecomParis/3A/SR2I309/projet/circuit/topk_sorting_OTLU.py\":109:0)",
      "operation": "PBS"
    },
    {
      "count": 4,
      "keys": [
        [
          "SECRET",
          0
        ]
      ],
      "location": "loc(\"@Stage_3_pass_3.max_value | /home/nthsmn/Documents/Cours/TelecomParis/3A/SR2I309/projet/circuit/topk_sorting_OTLU.py\":109:0)",
      "operation": "ENCRYPTED_ADDITION"
    },
    {
      "count": 4,
      "keys": [
        [
          "SECRET",
          0
        ]
      ],
      "location": "loc(\"@Stage_3_pass_3.swap_max_value | /home/nthsmn/Documents/Cours/TelecomParis/3A/SR2I309/projet/circuit/topk_sorting_OTLU.py\":114:0)",
      "operation": "ENCRYPTED_ADDITION"
    },
    {
      "count": 4,
      "keys": [
        [
          "SECRET",
          0
        ]
      ],
      "location": "loc(\"@Stage_3_pass_3.swap_max_value | /home/nthsmn/Documents/Cours/TelecomParis/3A/SR2I309/projet/circuit/topk_sorting_OTLU.py\":114:0)",
      "operation": "ENCRYPTED_NEGATION"
    },
    {
      "count": 4,
      "keys": [
        [
          "SECRET",
          0
        ]
      ],
      "location": "loc(\"@Stage_3_pass_3.swap_max_value | /home/nthsmn/Documents/Cours/TelecomParis/3A/SR2I309/projet/circuit/topk_sorting_OTLU.py\":114:0)",
      "operation": "ENCRYPTED_ADDITION"
    },
    {
      "count": 8,
      "keys": [
        [
          "SECRET",
          0
        ]
      ],
      "location": "loc(\"@Stage_2_pass_4.diff | /home/nthsmn/Documents/Cours/TelecomParis/3A/SR2I309/projet/circuit/topk_sorting_OTLU.py\":106:0)",
      "operation": "ENCRYPTED_NEGATION"
    },
    {
      "count": 8,
      "keys": [
        [
          "SECRET",
          0
        ]
      ],
      "location": "loc(\"@Stage_2_pass_4.diff | /home/nthsmn/Documents/Cours/TelecomParis/3A/SR2I309/projet/circuit/topk_sorting_OTLU.py\":106:0)",
      "operation": "ENCRYPTED_ADDITION"
    },
    {
      "count": 8,
      "keys": [
        [
          "SECRET",
          0
        ]
      ],
      "location": "loc(\"@Stage_2_pass_4.max_value | /home/nthsmn/Documents/Cours/TelecomParis/3A/SR2I309/projet/circuit/topk_sorting_OTLU.py\":109:0)",
      "operation": "CLEAR_ADDITION"
    },
    {
      "count": 8,
      "keys": [
        [
          "KEY_SWITCH",
          0
        ]
      ],
      "location": "loc(\"@Stage_2_pass_4.max_value | /home/nthsmn/Documents/Cours/TelecomParis/3A/SR2I309/projet/circuit/topk_sorting_OTLU.py\":109:0)",
      "operation": "KEY_SWITCH"
    },
    {
      "count": 8,
      "keys": [
        [
          "BOOTSTRAP",
          0
        ]
      ],
      "location": "loc(\"@Stage_2_pass_4.max_value | /home/nthsmn/Documents/Cours/TelecomParis/3A/SR2I309/projet/circuit/topk_sorting_OTLU.py\":109:0)",
      "operation": "PBS"
    },
    {
      "count": 8,
      "keys": [
        [
          "SECRET",
          0
        ]
      ],
      "location": "loc(\"@Stage_2_pass_4.max_value | /home/nthsmn/Documents/Cours/TelecomParis/3A/SR2I309/projet/circuit/topk_sorting_OTLU.py\":109:0)",
      "operation": "ENCRYPTED_ADDITION"
    },
    {
      "count": 8,
      "keys": [
        [
          "SECRET",
          0
        ]
      ],
      "location": "loc(\"@Stage_2_pass_4.swap_max_value | /home/nthsmn/Documents/Cours/TelecomParis/3A/SR2I309/projet/circuit/topk_sorting_OTLU.py\":114:0)",
      "operation": "ENCRYPTED_ADDITION"
    },
    {
      "count": 8,
      "keys": [
        [
          "SECRET",
          0
        ]
      ],
      "location": "loc(\"@Stage_2_pass_4.swap_max_value | /home/nthsmn/Documents/Cours/TelecomParis/3A/SR2I309/projet/circuit/topk_sorting_OTLU.py\":114:0)",
      "operation": "ENCRYPTED_NEGATION"
    },
    {
      "count": 8,
      "keys": [
        [
          "SECRET",
          0
        ]
      ],
      "location": "loc(\"@Stage_2_pass_4.swap_max_value | /home/nthsmn/Documents/Cours/TelecomParis/3A/SR2I309/projet/circuit/topk_sorting_OTLU.py\":114:0)",
      "operation": "ENCRYPTED_ADDITION"
    },
    {
      "count": 4,
      "keys": [
        [
          "SECRET",
          0
        ]
      ],
      "location": "loc(\"@Stage_2_pass_3.diff | /home/nthsmn/Documents/Cours/TelecomParis/3A/SR2I309/projet/circuit/topk_sorting_OTLU.py\":106:0)",
      "operation": "ENCRYPTED_NEGATION"
    },
    {
      "count": 4,
      "keys": [
        [
          "SECRET",
          0
        ]
      ],
      "location": "loc(\"@Stage_2_pass_3.diff | /home/nthsmn/Documents/Cours/TelecomParis/3A/SR2I309/projet/circuit/topk_sorting_OTLU.py\":106:0)",
      "operation": "ENCRYPTED_ADDITION"
    },
    {
      "count": 4,
      "keys": [
        [
          "SECRET",
          0
        ]
      ],
      "location": "loc(\"@Stage_2_pass_3.max_value | /home/nthsmn/Documents/Cours/TelecomParis/3A/SR2I309/projet/circuit/topk_sorting_OTLU.py\":109:0)",
      "operation": "CLEAR_ADDITION"
    },
    {
      "count": 4,
      "keys": [
        [
          "KEY_SWITCH",
          0
        ]
      ],
      "location": "loc(\"@Stage_2_pass_3.max_value | /home/nthsmn/Documents/Cours/TelecomParis/3A/SR2I309/projet/circuit/topk_sorting_OTLU.py\":109:0)",
      "operation": "KEY_SWITCH"
    },
    {
      "count": 4,
      "keys": [
        [
          "BOOTSTRAP",
          0
        ]
      ],
      "location": "loc(\"@Stage_2_pass_3.max_value | /home/nthsmn/Documents/Cours/TelecomParis/3A/SR2I309/projet/circuit/topk_sorting_OTLU.py\":109:0)",
      "operation": "PBS"
    },
    {
      "count": 4,
      "keys": [
        [
          "SECRET",
          0
        ]
      ],
      "location": "loc(\"@Stage_2_pass_3.max_value | /home/nthsmn/Documents/Cours/TelecomParis/3A/SR2I309/projet/circuit/topk_sorting_OTLU.py\":109:0)",
      "operation": "ENCRYPTED_ADDITION"
    },
    {
      "count": 4,
      "keys": [
        [
          "SECRET",
          0
        ]
      ],
      "location": "loc(\"@Stage_2_pass_3.swap_max_value | /home/nthsmn/Documents/Cours/TelecomParis/3A/SR2I309/projet/circuit/topk_sorting_OTLU.py\":114:0)",
      "operation": "ENCRYPTED_ADDITION"
    },
    {
      "count": 4,
      "keys": [
        [
          "SECRET",
          0
        ]
      ],
      "location": "loc(\"@Stage_2_pass_3.swap_max_value | /home/nthsmn/Documents/Cours/TelecomParis/3A/SR2I309/projet/circuit/topk_sorting_OTLU.py\":114:0)",
      "operation": "ENCRYPTED_NEGATION"
    },
    {
      "count": 4,
      "keys": [
        [
          "SECRET",
          0
        ]
      ],
      "location": "loc(\"@Stage_2_pass_3.swap_max_value | /home/nthsmn/Documents/Cours/TelecomParis/3A/SR2I309/projet/circuit/topk_sorting_OTLU.py\":114:0)",
      "operation": "ENCRYPTED_ADDITION"
    },
    {
      "count": 8,
      "keys": [
        [
          "SECRET",
          0
        ]
      ],
      "location": "loc(\"@Stage_2_pass_2.diff | /home/nthsmn/Documents/Cours/TelecomParis/3A/SR2I309/projet/circuit/topk_sorting_OTLU.py\":106:0)",
      "operation": "ENCRYPTED_NEGATION"
    },
    {
      "count": 8,
      "keys": [
        [
          "SECRET",
          0
        ]
      ],
      "location": "loc(\"@Stage_2_pass_2.diff | /home/nthsmn/Documents/Cours/TelecomParis/3A/SR2I309/projet/circuit/topk_sorting_OTLU.py\":106:0)",
      "operation": "ENCRYPTED_ADDITION"
    },
    {
      "count": 8,
      "keys": [
        [
          "SECRET",
          0
        ]
      ],
      "location": "loc(\"@Stage_2_pass_2.max_value | /home/nthsmn/Documents/Cours/TelecomParis/3A/SR2I309/projet/circuit/topk_sorting_OTLU.py\":109:0)",
      "operation": "CLEAR_ADDITION"
    },
    {
      "count": 8,
      "keys": [
        [
          "KEY_SWITCH",
          0
        ]
      ],
      "location": "loc(\"@Stage_2_pass_2.max_value | /home/nthsmn/Documents/Cours/TelecomParis/3A/SR2I309/projet/circuit/topk_sorting_OTLU.py\":109:0)",
      "operation": "KEY_SWITCH"
    },
    {
      "count": 8,
      "keys": [
        [
          "BOOTSTRAP",
          0
        ]
      ],
      "location": "loc(\"@Stage_2_pass_2.max_value | /home/nthsmn/Documents/Cours/TelecomParis/3A/SR2I309/projet/circuit/topk_sorting_OTLU.py\":109:0)",
      "operation": "PBS"
    },
    {
      "count": 8,
      "keys": [
        [
          "SECRET",
          0
        ]
      ],
      "location": "loc(\"@Stage_2_pass_2.max_value | /home/nthsmn/Documents/Cours/TelecomParis/3A/SR2I309/projet/circuit/topk_sorting_OTLU.py\":109:0)",
      "operation": "ENCRYPTED_ADDITION"
    },
    {
      "count": 8,
      "keys": [
        [
          "SECRET",
          0
        ]
      ],
      "location": "loc(\"@Stage_2_pass_2.swap_max_value | /home/nthsmn/Documents/Cours/TelecomParis/3A/SR2I309/projet/circuit/topk_sorting_OTLU.py\":114:0)",
      "operation": "ENCRYPTED_ADDITION"
    },
    {
      "count": 8,
      "keys": [
        [
          "SECRET",
          0
        ]
      ],
      "location": "loc(\"@Stage_2_pass_2.swap_max_value | /home/nthsmn/Documents/Cours/TelecomParis/3A/SR2I309/projet/circuit/topk_sorting_OTLU.py\":114:0)",
      "operation": "ENCRYPTED_NEGATION"
    },
    {
      "count": 8,
      "keys": [
        [
          "SECRET",
          0
        ]
      ],
      "location": "loc(\"@Stage_2_pass_2.swap_max_value | /home/nthsmn/Documents/Cours/TelecomParis/3A/SR2I309/projet/circuit/topk_sorting_OTLU.py\":114:0)",
      "operation": "ENCRYPTED_ADDITION"
    },
    {
      "count": 10,
      "keys": [
        [
          "SECRET",
          0
        ]
      ],
      "location": "loc(\"@Stage_1_pass_4.diff | /home/nthsmn/Documents/Cours/TelecomParis/3A/SR2I309/projet/circuit/topk_sorting_OTLU.py\":106:0)",
      "operation": "ENCRYPTED_NEGATION"
    },
    {
      "count": 10,
      "keys": [
        [
          "SECRET",
          0
        ]
      ],
      "location": "loc(\"@Stage_1_pass_4.diff | /home/nthsmn/Documents/Cours/TelecomParis/3A/SR2I309/projet/circuit/topk_sorting_OTLU.py\":106:0)",
      "operation": "ENCRYPTED_ADDITION"
    },
    {
      "count": 10,
      "keys": [
        [
          "SECRET",
          0
        ]
      ],
      "location": "loc(\"@Stage_1_pass_4.max_value | /home/nthsmn/Documents/Cours/TelecomParis/3A/SR2I309/projet/circuit/topk_sorting_OTLU.py\":109:0)",
      "operation": "CLEAR_ADDITION"
    },
    {
      "count": 10,
      "keys": [
        [
          "KEY_SWITCH",
          0
        ]
      ],
      "location": "loc(\"@Stage_1_pass_4.max_value | /home/nthsmn/Documents/Cours/TelecomParis/3A/SR2I309/projet/circuit/topk_sorting_OTLU.py\":109:0)",
      "operation": "KEY_SWITCH"
    },
    {
      "count": 10,
      "keys": [
        [
          "BOOTSTRAP",
          0
        ]
      ],
      "location": "loc(\"@Stage_1_pass_4.max_value | /home/nthsmn/Documents/Cours/TelecomParis/3A/SR2I309/projet/circuit/topk_sorting_OTLU.py\":109:0)",
      "operation": "PBS"
    },
    {
      "count": 10,
      "keys": [
        [
          "SECRET",
          0
        ]
      ],
      "location": "loc(\"@Stage_1_pass_4.max_value | /home/nthsmn/Documents/Cours/TelecomParis/3A/SR2I309/projet/circuit/topk_sorting_OTLU.py\":109:0)",
      "operation": "ENCRYPTED_ADDITION"
    },
    {
      "count": 10,
      "keys": [
        [
          "SECRET",
          0
        ]
      ],
      "location": "loc(\"@Stage_1_pass_4.swap_max_value | /home/nthsmn/Documents/Cours/TelecomParis/3A/SR2I309/projet/circuit/topk_sorting_OTLU.py\":114:0)",
      "operation": "ENCRYPTED_ADDITION"
    },
    {
      "count": 10,
      "keys": [
        [
          "SECRET",
          0
        ]
      ],
      "location": "loc(\"@Stage_1_pass_4.swap_max_value | /home/nthsmn/Documents/Cours/TelecomParis/3A/SR2I309/projet/circuit/topk_sorting_OTLU.py\":114:0)",
      "operation": "ENCRYPTED_NEGATION"
    },
    {
      "count": 10,
      "keys": [
        [
          "SECRET",
          0
        ]
      ],
      "location": "loc(\"@Stage_1_pass_4.swap_max_value | /home/nthsmn/Documents/Cours/TelecomParis/3A/SR2I309/projet/circuit/topk_sorting_OTLU.py\":114:0)",
      "operation": "ENCRYPTED_ADDITION"
    },
    {
      "count": 2,
      "keys": [
        [
          "SECRET",
          0
        ]
      ],
      "location": "loc(\"@Stage_1_pass_3.diff | /home/nthsmn/Documents/Cours/TelecomParis/3A/SR2I309/projet/circuit/topk_sorting_OTLU.py\":106:0)",
      "operation": "ENCRYPTED_NEGATION"
    },
    {
      "count": 2,
      "keys": [
        [
          "SECRET",
          0
        ]
      ],
      "location": "loc(\"@Stage_1_pass_3.diff | /home/nthsmn/Documents/Cours/TelecomParis/3A/SR2I309/projet/circuit/topk_sorting_OTLU.py\":106:0)",
      "operation": "ENCRYPTED_ADDITION"
    },
    {
      "count": 2,
      "keys": [
        [
          "KEY_SWITCH",
          0
        ]
      ],
      "location": "loc(\"@Stage_1_pass_3.max_value | /home/nthsmn/Documents/Cours/TelecomParis/3A/SR2I309/projet/circuit/topk_sorting_OTLU.py\":109:0)",
      "operation": "KEY_SWITCH"
    },
    {
      "count": 2,
      "keys": [
        [
          "BOOTSTRAP",
          0
        ]
      ],
      "location": "loc(\"@Stage_1_pass_3.max_value | /home/nthsmn/Documents/Cours/TelecomParis/3A/SR2I309/projet/circuit/topk_sorting_OTLU.py\":109:0)",
      "operation": "PBS"
    },
    {
      "count": 2,
      "keys": [
        [
          "SECRET",
          0
        ]
      ],
      "location": "loc(\"@Stage_1_pass_3.max_value | /home/nthsmn/Documents/Cours/TelecomParis/3A/SR2I309/projet/circuit/topk_sorting_OTLU.py\":109:0)",
      "operation": "ENCRYPTED_ADDITION"
    },
    {
      "count": 2,
      "keys": [
        [
          "SECRET",
          0
        ]
      ],
      "location": "loc(\"@Stage_1_pass_3.swap_max_value | /home/nthsmn/Documents/Cours/TelecomParis/3A/SR2I309/projet/circuit/topk_sorting_OTLU.py\":114:0)",
      "operation": "ENCRYPTED_ADDITION"
    },
    {
      "count": 2,
      "keys": [
        [
          "SECRET",
          0
        ]
      ],
      "location": "loc(\"@Stage_1_pass_3.swap_max_value | /home/nthsmn/Documents/Cours/TelecomParis/3A/SR2I309/projet/circuit/topk_sorting_OTLU.py\":114:0)",
      "operation": "ENCRYPTED_NEGATION"
    },
    {
      "count": 2,
      "keys": [
        [
          "SECRET",
          0
        ]
      ],
      "location": "loc(\"@Stage_1_pass_3.swap_max_value | /home/nthsmn/Documents/Cours/TelecomParis/3A/SR2I309/projet/circuit/topk_sorting_OTLU.py\":114:0)",
      "operation": "ENCRYPTED_ADDITION"
    },
    {
      "count": 6,
      "keys": [
        [
          "SECRET",
          0
        ]
      ],
      "location": "loc(\"@Stage_1_pass_2.diff | /home/nthsmn/Documents/Cours/TelecomParis/3A/SR2I309/projet/circuit/topk_sorting_OTLU.py\":106:0)",
      "operation": "ENCRYPTED_NEGATION"
    },
    {
      "count": 6,
      "keys": [
        [
          "SECRET",
          0
        ]
      ],
      "location": "loc(\"@Stage_1_pass_2.diff | /home/nthsmn/Documents/Cours/TelecomParis/3A/SR2I309/projet/circuit/topk_sorting_OTLU.py\":106:0)",
      "operation": "ENCRYPTED_ADDITION"
    },
    {
      "count": 6,
      "keys": [
        [
          "SECRET",
          0
        ]
      ],
      "location": "loc(\"@Stage_1_pass_2.max_value | /home/nthsmn/Documents/Cours/TelecomParis/3A/SR2I309/projet/circuit/topk_sorting_OTLU.py\":109:0)",
      "operation": "CLEAR_ADDITION"
    },
    {
      "count": 6,
      "keys": [
        [
          "KEY_SWITCH",
          0
        ]
      ],
      "location": "loc(\"@Stage_1_pass_2.max_value | /home/nthsmn/Documents/Cours/TelecomParis/3A/SR2I309/projet/circuit/topk_sorting_OTLU.py\":109:0)",
      "operation": "KEY_SWITCH"
    },
    {
      "count": 6,
      "keys": [
        [
          "BOOTSTRAP",
          0
        ]
      ],
      "location": "loc(\"@Stage_1_pass_2.max_value | /home/nthsmn/Documents/Cours/TelecomParis/3A/SR2I309/projet/circuit/topk_sorting_OTLU.py\":109:0)",
      "operation": "PBS"
    },
    {
      "count": 6,
      "keys": [
        [
          "SECRET",
          0
        ]
      ],
      "location": "loc(\"@Stage_1_pass_2.max_value | /home/nthsmn/Documents/Cours/TelecomParis/3A/SR2I309/projet/circuit/topk_sorting_OTLU.py\":109:0)",
      "operation": "ENCRYPTED_ADDITION"
    },
    {
      "count": 6,
      "keys": [
        [
          "SECRET",
          0
        ]
      ],
      "location": "loc(\"@Stage_1_pass_2.swap_max_value | /home/nthsmn/Documents/Cours/TelecomParis/3A/SR2I309/projet/circuit/topk_sorting_OTLU.py\":114:0)",
      "operation": "ENCRYPTED_ADDITION"
    },
    {
      "count": 6,
      "keys": [
        [
          "SECRET",
          0
        ]
      ],
      "location": "loc(\"@Stage_1_pass_2.swap_max_value | /home/nthsmn/Documents/Cours/TelecomParis/3A/SR2I309/projet/circuit/topk_sorting_OTLU.py\":114:0)",
      "operation": "ENCRYPTED_NEGATION"
    },
    {
      "count": 6,
      "keys": [
        [
          "SECRET",
          0
        ]
      ],
      "location": "loc(\"@Stage_1_pass_2.swap_max_value | /home/nthsmn/Documents/Cours/TelecomParis/3A/SR2I309/projet/circuit/topk_sorting_OTLU.py\":114:0)",
      "operation": "ENCRYPTED_ADDITION"
    },
    {
      "count": 8,
      "keys": [
        [
          "SECRET",
          0
        ]
      ],
      "location": "loc(\"@Stage_1_pass_1.diff | /home/nthsmn/Documents/Cours/TelecomParis/3A/SR2I309/projet/circuit/topk_sorting_OTLU.py\":106:0)",
      "operation": "ENCRYPTED_NEGATION"
    },
    {
      "count": 8,
      "keys": [
        [
          "SECRET",
          0
        ]
      ],
      "location": "loc(\"@Stage_1_pass_1.diff | /home/nthsmn/Documents/Cours/TelecomParis/3A/SR2I309/projet/circuit/topk_sorting_OTLU.py\":106:0)",
      "operation": "ENCRYPTED_ADDITION"
    },
    {
      "count": 8,
      "keys": [
        [
          "SECRET",
          0
        ]
      ],
      "location": "loc(\"@Stage_1_pass_1.max_value | /home/nthsmn/Documents/Cours/TelecomParis/3A/SR2I309/projet/circuit/topk_sorting_OTLU.py\":109:0)",
      "operation": "CLEAR_ADDITION"
    },
    {
      "count": 8,
      "keys": [
        [
          "KEY_SWITCH",
          0
        ]
      ],
      "location": "loc(\"@Stage_1_pass_1.max_value | /home/nthsmn/Documents/Cours/TelecomParis/3A/SR2I309/projet/circuit/topk_sorting_OTLU.py\":109:0)",
      "operation": "KEY_SWITCH"
    },
    {
      "count": 8,
      "keys": [
        [
          "BOOTSTRAP",
          0
        ]
      ],
      "location": "loc(\"@Stage_1_pass_1.max_value | /home/nthsmn/Documents/Cours/TelecomParis/3A/SR2I309/projet/circuit/topk_sorting_OTLU.py\":109:0)",
      "operation": "PBS"
    },
    {
      "count": 8,
      "keys": [
        [
          "SECRET",
          0
        ]
      ],
      "location": "loc(\"@Stage_1_pass_1.max_value | /home/nthsmn/Documents/Cours/TelecomParis/3A/SR2I309/projet/circuit/topk_sorting_OTLU.py\":109:0)",
      "operation": "ENCRYPTED_ADDITION"
    },
    {
      "count": 8,
      "keys": [
        [
          "SECRET",
          0
        ]
      ],
      "location": "loc(\"@Stage_1_pass_1.swap_max_value | /home/nthsmn/Documents/Cours/TelecomParis/3A/SR2I309/projet/circuit/topk_sorting_OTLU.py\":114:0)",
      "operation": "ENCRYPTED_ADDITION"
    },
    {
      "count": 8,
      "keys": [
        [
          "SECRET",
          0
        ]
      ],
      "location": "loc(\"@Stage_1_pass_1.swap_max_value | /home/nthsmn/Documents/Cours/TelecomParis/3A/SR2I309/projet/circuit/topk_sorting_OTLU.py\":114:0)",
      "operation": "ENCRYPTED_NEGATION"
    },
    {
      "count": 8,
      "keys": [
        [
          "SECRET",
          0
        ]
      ],
      "location": "loc(\"@Stage_1_pass_1.swap_max_value | /home/nthsmn/Documents/Cours/TelecomParis/3A/SR2I309/projet/circuit/topk_sorting_OTLU.py\":114:0)",
      "operation": "ENCRYPTED_ADDITION"
    },
    {
      "count": 10,
      "keys": [
        [
          "SECRET",
          0
        ]
      ],
      "location": "loc(\"@Stage_0_pass_4.diff | /home/nthsmn/Documents/Cours/TelecomParis/3A/SR2I309/projet/circuit/topk_sorting_OTLU.py\":106:0)",
      "operation": "ENCRYPTED_NEGATION"
    },
    {
      "count": 10,
      "keys": [
        [
          "SECRET",
          0
        ]
      ],
      "location": "loc(\"@Stage_0_pass_4.diff | /home/nthsmn/Documents/Cours/TelecomParis/3A/SR2I309/projet/circuit/topk_sorting_OTLU.py\":106:0)",
      "operation": "ENCRYPTED_ADDITION"
    },
    {
      "count": 10,
      "keys": [
        [
          "SECRET",
          0
        ]
      ],
      "location": "loc(\"@Stage_0_pass_4.max_value | /home/nthsmn/Documents/Cours/TelecomParis/3A/SR2I309/projet/circuit/topk_sorting_OTLU.py\":109:0)",
      "operation": "CLEAR_ADDITION"
    },
    {
      "count": 10,
      "keys": [
        [
          "KEY_SWITCH",
          0
        ]
      ],
      "location": "loc(\"@Stage_0_pass_4.max_value | /home/nthsmn/Documents/Cours/TelecomParis/3A/SR2I309/projet/circuit/topk_sorting_OTLU.py\":109:0)",
      "operation": "KEY_SWITCH"
    },
    {
      "count": 10,
      "keys": [
        [
          "BOOTSTRAP",
          0
        ]
      ],
      "location": "loc(\"@Stage_0_pass_4.max_value | /home/nthsmn/Documents/Cours/TelecomParis/3A/SR2I309/projet/circuit/topk_sorting_OTLU.py\":109:0)",
      "operation": "PBS"
    },
    {
      "count": 10,
      "keys": [
        [
          "SECRET",
          0
        ]
      ],
      "location": "loc(\"@Stage_0_pass_4.max_value | /home/nthsmn/Documents/Cours/TelecomParis/3A/SR2I309/projet/circuit/topk_sorting_OTLU.py\":109:0)",
      "operation": "ENCRYPTED_ADDITION"
    },
    {
      "count": 10,
      "keys": [
        [
          "SECRET",
          0
        ]
      ],
      "location": "loc(\"@Stage_0_pass_4.swap_max_value | /home/nthsmn/Documents/Cours/TelecomParis/3A/SR2I309/projet/circuit/topk_sorting_OTLU.py\":114:0)",
      "operation": "ENCRYPTED_ADDITION"
    },
    {
      "count": 10,
      "keys": [
        [
          "SECRET",
          0
        ]
      ],
      "location": "loc(\"@Stage_0_pass_4.swap_max_value | /home/nthsmn/Documents/Cours/TelecomParis/3A/SR2I309/projet/circuit/topk_sorting_OTLU.py\":114:0)",
      "operation": "ENCRYPTED_NEGATION"
    },
    {
      "count": 10,
      "keys": [
        [
          "SECRET",
          0
        ]
      ],
      "location": "loc(\"@Stage_0_pass_4.swap_max_value | /home/nthsmn/Documents/Cours/TelecomParis/3A/SR2I309/projet/circuit/topk_sorting_OTLU.py\":114:0)",
      "operation": "ENCRYPTED_ADDITION"
    },
    {
      "count": 2,
      "keys": [
        [
          "SECRET",
          0
        ]
      ],
      "location": "loc(\"@Stage_0_pass_3.diff | /home/nthsmn/Documents/Cours/TelecomParis/3A/SR2I309/projet/circuit/topk_sorting_OTLU.py\":106:0)",
      "operation": "ENCRYPTED_NEGATION"
    },
    {
      "count": 2,
      "keys": [
        [
          "SECRET",
          0
        ]
      ],
      "location": "loc(\"@Stage_0_pass_3.diff | /home/nthsmn/Documents/Cours/TelecomParis/3A/SR2I309/projet/circuit/topk_sorting_OTLU.py\":106:0)",
      "operation": "ENCRYPTED_ADDITION"
    },
    {
      "count": 2,
      "keys": [
        [
          "KEY_SWITCH",
          0
        ]
      ],
      "location": "loc(\"@Stage_0_pass_3.max_value | /home/nthsmn/Documents/Cours/TelecomParis/3A/SR2I309/projet/circuit/topk_sorting_OTLU.py\":109:0)",
      "operation": "KEY_SWITCH"
    },
    {
      "count": 2,
      "keys": [
        [
          "BOOTSTRAP",
          0
        ]
      ],
      "location": "loc(\"@Stage_0_pass_3.max_value | /home/nthsmn/Documents/Cours/TelecomParis/3A/SR2I309/projet/circuit/topk_sorting_OTLU.py\":109:0)",
      "operation": "PBS"
    },
    {
      "count": 2,
      "keys": [
        [
          "SECRET",
          0
        ]
      ],
      "location": "loc(\"@Stage_0_pass_3.max_value | /home/nthsmn/Documents/Cours/TelecomParis/3A/SR2I309/projet/circuit/topk_sorting_OTLU.py\":109:0)",
      "operation": "ENCRYPTED_ADDITION"
    },
    {
      "count": 2,
      "keys": [
        [
          "SECRET",
          0
        ]
      ],
      "location": "loc(\"@Stage_0_pass_3.swap_max_value | /home/nthsmn/Documents/Cours/TelecomParis/3A/SR2I309/projet/circuit/topk_sorting_OTLU.py\":114:0)",
      "operation": "ENCRYPTED_ADDITION"
    },
    {
      "count": 2,
      "keys": [
        [
          "SECRET",
          0
        ]
      ],
      "location": "loc(\"@Stage_0_pass_3.swap_max_value | /home/nthsmn/Documents/Cours/TelecomParis/3A/SR2I309/projet/circuit/topk_sorting_OTLU.py\":114:0)",
      "operation": "ENCRYPTED_NEGATION"
    },
    {
      "count": 2,
      "keys": [
        [
          "SECRET",
          0
        ]
      ],
      "location": "loc(\"@Stage_0_pass_3.swap_max_value | /home/nthsmn/Documents/Cours/TelecomParis/3A/SR2I309/projet/circuit/topk_sorting_OTLU.py\":114:0)",
      "operation": "ENCRYPTED_ADDITION"
    },
    {
      "count": 6,
      "keys": [
        [
          "SECRET",
          0
        ]
      ],
      "location": "loc(\"@Stage_0_pass_2.diff | /home/nthsmn/Documents/Cours/TelecomParis/3A/SR2I309/projet/circuit/topk_sorting_OTLU.py\":106:0)",
      "operation": "ENCRYPTED_NEGATION"
    },
    {
      "count": 6,
      "keys": [
        [
          "SECRET",
          0
        ]
      ],
      "location": "loc(\"@Stage_0_pass_2.diff | /home/nthsmn/Documents/Cours/TelecomParis/3A/SR2I309/projet/circuit/topk_sorting_OTLU.py\":106:0)",
      "operation": "ENCRYPTED_ADDITION"
    },
    {
      "count": 6,
      "keys": [
        [
          "SECRET",
          0
        ]
      ],
      "location": "loc(\"@Stage_0_pass_2.max_value | /home/nthsmn/Documents/Cours/TelecomParis/3A/SR2I309/projet/circuit/topk_sorting_OTLU.py\":109:0)",
      "operation": "CLEAR_ADDITION"
    },
    {
      "count": 6,
      "keys": [
        [
          "KEY_SWITCH",
          0
        ]
      ],
      "location": "loc(\"@Stage_0_pass_2.max_value | /home/nthsmn/Documents/Cours/TelecomParis/3A/SR2I309/projet/circuit/topk_sorting_OTLU.py\":109:0)",
      "operation": "KEY_SWITCH"
    },
    {
      "count": 6,
      "keys": [
        [
          "BOOTSTRAP",
          0
        ]
      ],
      "location": "loc(\"@Stage_0_pass_2.max_value | /home/nthsmn/Documents/Cours/TelecomParis/3A/SR2I309/projet/circuit/topk_sorting_OTLU.py\":109:0)",
      "operation": "PBS"
    },
    {
      "count": 6,
      "keys": [
        [
          "SECRET",
          0
        ]
      ],
      "location": "loc(\"@Stage_0_pass_2.max_value | /home/nthsmn/Documents/Cours/TelecomParis/3A/SR2I309/projet/circuit/topk_sorting_OTLU.py\":109:0)",
      "operation": "ENCRYPTED_ADDITION"
    },
    {
      "count": 6,
      "keys": [
        [
          "SECRET",
          0
        ]
      ],
      "location": "loc(\"@Stage_0_pass_2.swap_max_value | /home/nthsmn/Documents/Cours/TelecomParis/3A/SR2I309/projet/circuit/topk_sorting_OTLU.py\":114:0)",
      "operation": "ENCRYPTED_ADDITION"
    },
    {
      "count": 6,
      "keys": [
        [
          "SECRET",
          0
        ]
      ],
      "location": "loc(\"@Stage_0_pass_2.swap_max_value | /home/nthsmn/Documents/Cours/TelecomParis/3A/SR2I309/projet/circuit/topk_sorting_OTLU.py\":114:0)",
      "operation": "ENCRYPTED_NEGATION"
    },
    {
      "count": 6,
      "keys": [
        [
          "SECRET",
          0
        ]
      ],
      "location": "loc(\"@Stage_0_pass_2.swap_max_value | /home/nthsmn/Documents/Cours/TelecomParis/3A/SR2I309/projet/circuit/topk_sorting_OTLU.py\":114:0)",
      "operation": "ENCRYPTED_ADDITION"
    },
    {
      "count": 8,
      "keys": [
        [
          "SECRET",
          0
        ]
      ],
      "location": "loc(\"@Stage_0_pass_1.diff | /home/nthsmn/Documents/Cours/TelecomParis/3A/SR2I309/projet/circuit/topk_sorting_OTLU.py\":106:0)",
      "operation": "ENCRYPTED_NEGATION"
    },
    {
      "count": 8,
      "keys": [
        [
          "SECRET",
          0
        ]
      ],
      "location": "loc(\"@Stage_0_pass_1.diff | /home/nthsmn/Documents/Cours/TelecomParis/3A/SR2I309/projet/circuit/topk_sorting_OTLU.py\":106:0)",
      "operation": "ENCRYPTED_ADDITION"
    },
    {
      "count": 8,
      "keys": [
        [
          "SECRET",
          0
        ]
      ],
      "location": "loc(\"@Stage_0_pass_1.max_value | /home/nthsmn/Documents/Cours/TelecomParis/3A/SR2I309/projet/circuit/topk_sorting_OTLU.py\":109:0)",
      "operation": "CLEAR_ADDITION"
    },
    {
      "count": 8,
      "keys": [
        [
          "KEY_SWITCH",
          0
        ]
      ],
      "location": "loc(\"@Stage_0_pass_1.max_value | /home/nthsmn/Documents/Cours/TelecomParis/3A/SR2I309/projet/circuit/topk_sorting_OTLU.py\":109:0)",
      "operation": "KEY_SWITCH"
    },
    {
      "count": 8,
      "keys": [
        [
          "BOOTSTRAP",
          0
        ]
      ],
      "location": "loc(\"@Stage_0_pass_1.max_value | /home/nthsmn/Documents/Cours/TelecomParis/3A/SR2I309/projet/circuit/topk_sorting_OTLU.py\":109:0)",
      "operation": "PBS"
    },
    {
      "count": 8,
      "keys": [
        [
          "SECRET",
          0
        ]
      ],
      "location": "loc(\"@Stage_0_pass_1.max_value | /home/nthsmn/Documents/Cours/TelecomParis/3A/SR2I309/projet/circuit/topk_sorting_OTLU.py\":109:0)",
      "operation": "ENCRYPTED_ADDITION"
    },
    {
      "count": 8,
      "keys": [
        [
          "SECRET",
          0
        ]
      ],
      "location": "loc(\"@Stage_0_pass_1.swap_max_value | /home/nthsmn/Documents/Cours/TelecomParis/3A/SR2I309/projet/circuit/topk_sorting_OTLU.py\":114:0)",
      "operation": "ENCRYPTED_ADDITION"
    },
    {
      "count": 8,
      "keys": [
        [
          "SECRET",
          0
        ]
      ],
      "location": "loc(\"@Stage_0_pass_1.swap_max_value | /home/nthsmn/Documents/Cours/TelecomParis/3A/SR2I309/projet/circuit/topk_sorting_OTLU.py\":114:0)",
      "operation": "ENCRYPTED_NEGATION"
    },
    {
      "count": 8,
      "keys": [
        [
          "SECRET",
          0
        ]
      ],
      "location": "loc(\"@Stage_0_pass_1.swap_max_value | /home/nthsmn/Documents/Cours/TelecomParis/3A/SR2I309/projet/circuit/topk_sorting_OTLU.py\":114:0)",
      "operation": "ENCRYPTED_ADDITION"
    },
    {
      "count": 9,
      "keys": [
        [
          "SECRET",
          0
        ]
      ],
      "location": "loc(\"@Stage_0_pass_0.diff | /home/nthsmn/Documents/Cours/TelecomParis/3A/SR2I309/projet/circuit/topk_sorting_OTLU.py\":106:0)",
      "operation": "ENCRYPTED_NEGATION"
    },
    {
      "count": 9,
      "keys": [
        [
          "SECRET",
          0
        ]
      ],
      "location": "loc(\"@Stage_0_pass_0.diff | /home/nthsmn/Documents/Cours/TelecomParis/3A/SR2I309/projet/circuit/topk_sorting_OTLU.py\":106:0)",
      "operation": "ENCRYPTED_ADDITION"
    },
    {
      "count": 9,
      "keys": [
        [
          "SECRET",
          0
        ]
      ],
      "location": "loc(\"@Stage_0_pass_0.max_value | /home/nthsmn/Documents/Cours/TelecomParis/3A/SR2I309/projet/circuit/topk_sorting_OTLU.py\":109:0)",
      "operation": "CLEAR_ADDITION"
    },
    {
      "count": 9,
      "keys": [
        [
          "KEY_SWITCH",
          0
        ]
      ],
      "location": "loc(\"@Stage_0_pass_0.max_value | /home/nthsmn/Documents/Cours/TelecomParis/3A/SR2I309/projet/circuit/topk_sorting_OTLU.py\":109:0)",
      "operation": "KEY_SWITCH"
    },
    {
      "count": 9,
      "keys": [
        [
          "BOOTSTRAP",
          0
        ]
      ],
      "location": "loc(\"@Stage_0_pass_0.max_value | /home/nthsmn/Documents/Cours/TelecomParis/3A/SR2I309/projet/circuit/topk_sorting_OTLU.py\":109:0)",
      "operation": "PBS"
    },
    {
      "count": 9,
      "keys": [
        [
          "SECRET",
          0
        ]
      ],
      "location": "loc(\"@Stage_0_pass_0.max_value | /home/nthsmn/Documents/Cours/TelecomParis/3A/SR2I309/projet/circuit/topk_sorting_OTLU.py\":109:0)",
      "operation": "ENCRYPTED_ADDITION"
    },
    {
      "count": 9,
      "keys": [
        [
          "SECRET",
          0
        ]
      ],
      "location": "loc(\"@Stage_0_pass_0.swap_max_value | /home/nthsmn/Documents/Cours/TelecomParis/3A/SR2I309/projet/circuit/topk_sorting_OTLU.py\":114:0)",
      "operation": "ENCRYPTED_ADDITION"
    },
    {
      "count": 9,
      "keys": [
        [
          "SECRET",
          0
        ]
      ],
      "location": "loc(\"@Stage_0_pass_0.swap_max_value | /home/nthsmn/Documents/Cours/TelecomParis/3A/SR2I309/projet/circuit/topk_sorting_OTLU.py\":114:0)",
      "operation": "ENCRYPTED_NEGATION"
    },
    {
      "count": 9,
      "keys": [
        [
          "SECRET",
          0
        ]
      ],
      "location": "loc(\"@Stage_0_pass_0.swap_max_value | /home/nthsmn/Documents/Cours/TelecomParis/3A/SR2I309/projet/circuit/topk_sorting_OTLU.py\":114:0)",
      "operation": "ENCRYPTED_ADDITION"
    }
  ],
  "totalBootstrapKeysSize": 158936832,
  "totalInputsSize": 327840,
  "totalKeyswitchKeysSize": 211915776,
  "totalOutputsSize": 327840,
  "totalSecretKeysSize": 22856
}