[
  {
    "bootstrapKeys": [
      {
        "baseLog": 11,
        "glweDimension": 1,
        "inputLweDimension": 807,
        "inputSecretKeyID": 1,
        "level": 3,
        "outputSecretKeyID": 0,
        "polynomialSize": 2048,
        "variance": 9.9409770026943975e-32
      }
    ],
    "functionName": "main",
    "inputs": [
      {
        "encryption": {
          "encoding": {
            "isSigned": false,
            "precision": 5
          },
          "secretKeyID": 0,
          "variance": 9.9409770026943975e-32
        },
        "shape": {
          "dimensions": [
            20
          ],
          "sign": false,
          "size": 20,
          "width": 5
        }
      }
    ],
    "keyswitchKeys": [
      {
        "baseLog": 1,
        "inputSecretKeyID": 0,
        "level": 16,
        "outputSecretKeyID": 1,
        "variance": 7.4368479980845617e-12
      }
    ],
    "outputs": [
      {
        "encryption": {
          "encoding": {
            "isSigned": false,
            "precision": 5
          },
          "secretKeyID": 0,
          "variance": 9.9409770026943975e-32
        },
        "shape": {
          "dimensions": [
            20
          ],
          "sign": false,
          "size": 20,
          "width": 5
        }
      }
    ],
    "packingKeyswitchKeys": [],
    "secretKeys": [
      {
        "dimension": 2048
      },
      {
        "dimension": 807
      }
    ]
  }
]