{"bootstrapKeys":[{"baseLog":22,"glweDimension":1,"inputLweDimension":800,"inputSecretKeyID":1,"level":1,"outputSecretKeyID":0,"polynomialSize":4096,"variance":4.70197740328915e-38}],"functionName":"main","inputs":[{"encryption":{"encoding":{"isSigned":false,"precision":5},"secretKeyID":0,"variance":4.70197740328915e-38},"shape":{"dimensions":[20],"sign":false,"size":20,"width":5}}],"keyswitchKeys":[{"baseLog":3,"inputSecretKeyID":0,"level":5,"outputSecretKeyID":1,"variance":9.626983101699239e-12}],"outputs":[{"encryption":{"encoding":{"isSigned":false,"precision":5},"secretKeyID":0,"variance":4.70197740328915e-38},"shape":{"dimensions":[20],"sign":false,"size":20,"width":5}}],"packingKeyswitchKeys":[],"secretKeys":[{"dimension":4096},{"dimension":800}]}